{
  "args": {
    "model": "dcff",
    "backbone": "resnet18",
    "pretrained": 1,
    "epochs": 60,
    "batch": 16,
    "lr": 0.0006,
    "pos_weight": 2.0,
    "workers": 4,
    "fusion": "conc",
    "no_cbam": false,
    "no_aspp": false,
    "no_boundary": false,
    "out": "results",
    "tag": "abl_conc"
  },
  "params_M": 13.045484,
  "best_val": {
    "epoch": 59,
    "val": {
      "precision": 0.8866332807009313,
      "recall": 0.9062113406820654,
      "f1": 0.8963154129099828,
      "iou": 0.8121119242764483
    }
  },
  "test": {
    "precision": 0.8856029439290842,
    "recall": 0.8974982317850457,
    "f1": 0.891510909890911,
    "iou": 0.8042577222886914
  }
}