{
  "args": {
    "model": "dcff",
    "backbone": "resnet18",
    "pretrained": 1,
    "epochs": 60,
    "batch": 16,
    "lr": 0.0006,
    "pos_weight": 2.0,
    "workers": 4,
    "fusion": "diff",
    "no_cbam": false,
    "no_aspp": false,
    "no_boundary": false,
    "out": "results",
    "tag": "abl_diff"
  },
  "params_M": 12.347244,
  "best_val": {
    "epoch": 37,
    "val": {
      "precision": 0.8817896868579079,
      "recall": 0.8902366536139313,
      "f1": 0.8859930370647208,
      "iou": 0.7953209157938044
    }
  },
  "test": {
    "precision": 0.8765166486403078,
    "recall": 0.8872775398382192,
    "f1": 0.8818642676929866,
    "iou": 0.7886916079211396
  }
}