{
  "args": {
    "model": "dcff",
    "backbone": "resnet18",
    "pretrained": 1,
    "epochs": 100,
    "batch": 16,
    "lr": 0.0006,
    "pos_weight": 2.0,
    "workers": 4,
    "fusion": "dual",
    "no_cbam": true,
    "no_aspp": false,
    "no_boundary": true,
    "out": "results",
    "tag": "dcff_final"
  },
  "params_M": 13.593668,
  "best_val": {
    "epoch": 96,
    "val": {
      "precision": 0.8956215609759832,
      "recall": 0.9129983368060139,
      "f1": 0.904226472493589,
      "iou": 0.8251946690698021
    }
  },
  "test": {
    "precision": 0.8947953008085088,
    "recall": 0.9057045627258531,
    "f1": 0.900216881557507,
    "iou": 0.8185403716158387
  }
}