{
  "args": {
    "model": "dcff",
    "backbone": "resnet18",
    "pretrained": 1,
    "epochs": 100,
    "batch": 24,
    "lr": 0.0008,
    "pos_weight": 2.0,
    "workers": 12,
    "fusion": "dual",
    "no_cbam": true,
    "no_aspp": false,
    "no_boundary": true,
    "out": "results",
    "tag": "clcd_dcff",
    "dataset": "clcd",
    "crop": 256
  },
  "params_M": 13.593668,
  "best_val": {
    "epoch": 42,
    "val": {
      "precision": 0.7943087272716561,
      "recall": 0.7826813289580805,
      "f1": 0.7884521622870486,
      "iou": 0.650780875974953
    }
  },
  "test": {
    "precision": 0.7771745568653762,
    "recall": 0.7679568986583589,
    "f1": 0.7725382327653757,
    "iou": 0.6293786529257892
  }
}