{
  "args": {
    "model": "fcsiam",
    "backbone": "resnet18",
    "pretrained": 1,
    "epochs": 60,
    "batch": 8,
    "lr": 0.0004,
    "pos_weight": 2.0,
    "workers": 12,
    "fusion": "dual",
    "no_cbam": false,
    "no_aspp": false,
    "no_boundary": false,
    "out": "results",
    "tag": "dsifn512_fcsiam",
    "dataset": "dsifn",
    "crop": 512
  },
  "params_M": 0.488001,
  "best_val": {
    "epoch": 33,
    "val": {
      "precision": 0.7456480656792784,
      "recall": 0.7657271438760129,
      "f1": 0.7555542259549052,
      "iou": 0.6071411406721167
    }
  },
  "test": {
    "precision": 0.5599836807643256,
    "recall": 0.5867481093114945,
    "f1": 0.5730535570580253,
    "iou": 0.4015942999072626
  }
}