{
  "args": {
    "model": "fcsiam",
    "backbone": "resnet18",
    "pretrained": 1,
    "epochs": 100,
    "batch": 32,
    "lr": 0.0008,
    "pos_weight": 2.0,
    "workers": 16,
    "fusion": "dual",
    "no_cbam": false,
    "no_aspp": false,
    "no_boundary": false,
    "out": "results",
    "tag": "egy_fcsiam",
    "dataset": "egy"
  },
  "params_M": 0.488001,
  "best_val": {
    "epoch": 39,
    "val": {
      "precision": 0.6810953136507807,
      "recall": 0.7196836153432803,
      "f1": 0.6998579536367491,
      "iou": 0.5382934552135672
    }
  },
  "test": {
    "precision": 0.651920894608117,
    "recall": 0.7127138907751931,
    "f1": 0.6809632612476663,
    "iou": 0.5162579949428918
  }
}