{
  "args": {
    "model": "dcff",
    "backbone": "resnet18",
    "pretrained": 1,
    "epochs": 100,
    "batch": 8,
    "lr": 0.0004,
    "pos_weight": 2.0,
    "workers": 12,
    "fusion": "dual",
    "no_cbam": true,
    "no_aspp": false,
    "no_boundary": true,
    "out": "results",
    "tag": "dsifn512_dcff_v2",
    "dataset": "dsifn",
    "crop": 512,
    "strong": true,
    "seed": 42
  },
  "params_M": 13.593668,
  "best_val": {
    "epoch": 88,
    "val": {
      "precision": 0.938052341612528,
      "recall": 0.9820330970737695,
      "f1": 0.9595390155154317,
      "iou": 0.9222248895295042
    }
  },
  "test": {
    "precision": 0.5867873026622782,
    "recall": 0.7975099503767342,
    "f1": 0.6761101508544968,
    "iou": 0.510699702115501
  }
}