{
  "args": {
    "model": "dcff",
    "backbone": "resnet18",
    "pretrained": 1,
    "epochs": 300,
    "batch": 32,
    "lr": 0.0008,
    "pos_weight": 2.0,
    "workers": 12,
    "fusion": "dual",
    "no_cbam": true,
    "no_aspp": false,
    "no_boundary": true,
    "out": "results",
    "tag": "egy_dcff_v2",
    "dataset": "egy",
    "crop": 256,
    "strong": true,
    "seed": 42
  },
  "params_M": 13.593668,
  "best_val": {
    "epoch": 287,
    "val": {
      "precision": 0.7793133594168787,
      "recall": 0.8644527616200152,
      "f1": 0.8196781484710167,
      "iou": 0.6944530834993551
    }
  },
  "test": {
    "precision": 0.7683957644541993,
    "recall": 0.8652317762312363,
    "f1": 0.813943711357046,
    "iou": 0.6862606100495461
  }
}