{
  "args": {
    "model": "dcff",
    "backbone": "resnet18",
    "pretrained": 1,
    "epochs": 100,
    "batch": 16,
    "lr": 0.0006,
    "pos_weight": 2.0,
    "workers": 12,
    "fusion": "dual",
    "no_cbam": true,
    "no_aspp": false,
    "no_boundary": true,
    "out": "results",
    "tag": "levir_rspre",
    "dataset": "levir",
    "crop": 256,
    "strong": false,
    "lovasz": false,
    "rs_pretrain": true,
    "seed": 42
  },
  "params_M": 13.593668,
  "best_val": {
    "epoch": 95,
    "val": {
      "precision": 0.8903499962928912,
      "recall": 0.9082409770661027,
      "f1": 0.8992065034153247,
      "iou": 0.8168711998331669
    }
  },
  "test": {
    "precision": 0.8850164596464022,
    "recall": 0.8978248177232176,
    "f1": 0.8913746290311588,
    "iou": 0.8040359288856499
  }
}