{
  "args": {
    "model": "dcff",
    "backbone": "resnet18",
    "pretrained": 1,
    "epochs": 25,
    "batch": 16,
    "lr": 5e-05,
    "pos_weight": 2.0,
    "workers": 12,
    "fusion": "dual",
    "no_cbam": true,
    "no_aspp": false,
    "no_boundary": true,
    "out": "results",
    "tag": "levir_polish",
    "dataset": "levir",
    "crop": 256,
    "strong": false,
    "lovasz": true,
    "rs_pretrain": false,
    "resume": "results/dcff_final_best.pt",
    "seed": 42
  },
  "params_M": 13.593668,
  "best_val": {
    "epoch": 7,
    "val": {
      "precision": 0.9019416065257262,
      "recall": 0.9060348659999684,
      "f1": 0.9039836021922868,
      "iou": 0.8247902174756275
    }
  },
  "test": {
    "precision": 0.9010096378721718,
    "recall": 0.898999386316795,
    "f1": 0.9000033890691906,
    "iou": 0.8181874207927848
  }
}