{
  "args": {
    "model": "dcff",
    "backbone": "resnet18",
    "pretrained": 1,
    "epochs": 100,
    "batch": 16,
    "lr": 0.0006,
    "pos_weight": 2.0,
    "workers": 12,
    "fusion": "dual",
    "no_cbam": true,
    "no_aspp": false,
    "no_boundary": true,
    "out": "results",
    "tag": "levir_lovasz",
    "dataset": "levir",
    "crop": 256,
    "strong": false,
    "lovasz": true,
    "seed": 42
  },
  "params_M": 13.593668,
  "best_val": {
    "epoch": 77,
    "val": {
      "precision": 0.9066197830510034,
      "recall": 0.8936411591510464,
      "f1": 0.9000836871947158,
      "iou": 0.8183201554745636
    }
  },
  "test": {
    "precision": 0.8980669617606079,
    "recall": 0.8886858228649351,
    "f1": 0.8933517645202641,
    "iou": 0.8072590158123713
  }
}