{
  "args": {
    "model": "dcff",
    "backbone": "resnet18",
    "pretrained": 1,
    "epochs": 200,
    "batch": 16,
    "lr": 0.0006,
    "pos_weight": 2.0,
    "workers": 12,
    "fusion": "dual",
    "no_cbam": true,
    "no_aspp": false,
    "no_boundary": true,
    "out": "results",
    "tag": "levir_dcff_long",
    "dataset": "levir",
    "crop": 256,
    "strong": true,
    "seed": 42
  },
  "params_M": 13.593668,
  "best_val": {
    "epoch": 172,
    "val": {
      "precision": 0.9020431599700011,
      "recall": 0.9019983183418621,
      "f1": 0.902020738098635,
      "iou": 0.8215280290880677
    }
  },
  "test": {
    "precision": 0.9016825297064254,
    "recall": 0.8942807825894153,
    "f1": 0.8979664031480562,
    "iou": 0.814826704576498
  }
}